date,close,high,low,volume
2016-01-04,2012.66,2038.2,1989.68,4304880000
2016-01-05,2016.71,2021.94,2004.17,3706620000
2016-01-06,1990.26,2011.71,1979.05,4336660000
2016-01-07,1943.09,1985.32,1938.83,5076590000
2016-01-08,1922.03,1960.4,1918.46,4664940000
2016-01-11,1923.67,1935.65,1901.1,4607290000
2016-01-12,1938.68,1947.38,1914.35,4887260000
2016-01-13,1890.28,1950.33,1886.41,5087030000
2016-01-14,1921.84,1934.47,1878.93,5241110000
2016-01-15,1880.33,1916.68,1857.83,5468460000
2016-01-19,1881.33,1901.44,1864.6,4928350000
2016-01-20,1859.33,1876.18,1812.29,6416070000
2016-01-21,1868.99,1889.85,1848.98,5078810000
2016-01-22,1906.9,1908.85,1877.4,4901760000
2016-01-25,1877.08,1906.28,1875.97,4401380000
2016-01-26,1903.63,1906.73,1878.79,4357940000
2016-01-27,1882.95,1916.99,1872.7,4754040000
2016-01-28,1893.36,1902.96,1873.65,4693010000
2016-01-29,1940.24,1940.24,1894,5497570000
2016-02-01,1939.38,1947.2,1920.3,4322530000
2016-02-02,1903.03,1935.26,1897.29,4463190000
2016-02-03,1912.53,1918.01,1872.23,5172950000
2016-02-04,1915.45,1927.35,1900.52,5193320000
2016-02-05,1880.05,1913.07,1872.65,4929940000
2016-02-08,1853.44,1873.25,1828.46,5636460000
2016-02-09,1852.21,1868.25,1834.94,5183220000
2016-02-10,1851.86,1881.6,1850.32,4471170000
2016-02-11,1829.08,1847,1810.1,5500800000
2016-02-12,1864.78,1864.78,1833.4,4696920000
2016-02-16,1895.58,1895.77,1871.44,4570670000
2016-02-17,1926.82,1930.68,1898.8,5011540000
2016-02-18,1917.83,1930,1915.09,4436490000
2016-02-19,1917.78,1918.78,1902.17,4142850000
2016-02-22,1945.5,1946.7,1924.44,4054710000
2016-02-23,1921.27,1942.38,1919.44,3890650000
2016-02-24,1929.8,1932.08,1891,4317250000
2016-02-25,1951.7,1951.83,1925.41,4118210000
2016-02-26,1948.05,1962.96,1945.78,4348510000
2016-02-29,1932.23,1958.27,1931.81,4588180000
2016-03-01,1978.35,1978.35,1937.09,4819750000
2016-03-02,1986.45,1986.51,1968.8,4666610000
2016-03-03,1993.4,1993.69,1977.37,5081700000
2016-03-04,1999.99,2009.13,1986.77,6049930000
2016-03-07,2001.76,2006.12,1989.38,4968180000
2016-03-08,1979.26,1996.88,1977.43,4641650000
2016-03-09,1989.26,1992.69,1979.84,4038120000
2016-03-10,1989.57,2005.08,1969.25,4376790000
2016-03-11,2022.19,2022.37,1994.71,4078620000
2016-03-14,2019.64,2024.57,2012.05,3487850000
2016-03-15,2015.93,2015.94,2005.23,3560280000
2016-03-16,2027.22,2032.02,2010.04,4057020000
2016-03-17,2040.59,2046.24,2022.16,4530480000
2016-03-18,2049.58,2052.36,2041.16,6503140000
2016-03-21,2051.6,2053.91,2043.14,3376600000
2016-03-22,2049.8,2056.6,2040.57,3418460000
2016-03-23,2036.71,2048.55,2034.86,3639510000
2016-03-24,2035.94,2036.04,2022.49,3407720000
2016-03-28,2037.05,2042.67,2031.96,2809090000
2016-03-29,2055.01,2055.91,2028.31,3822330000
2016-03-30,2063.95,2072.21,2058.27,3590310000
2016-03-31,2059.74,2067.92,2057.46,3715280000
2016-04-01,2072.78,2075.07,2043.98,3749990000
2016-04-04,2066.13,2074.02,2062.57,3485710000
2016-04-05,2045.17,2062.5,2042.56,4154920000
2016-04-06,2066.66,2067.33,2043.09,3750800000
2016-04-07,2041.91,2063.01,2033.8,3801250000
2016-04-08,2047.6,2060.63,2041.69,3359530000
2016-04-11,2041.99,2062.93,2041.88,3567840000
2016-04-12,2061.72,2065.05,2039.74,4239740000
2016-04-13,2082.42,2083.18,2065.92,4191830000
2016-04-14,2082.78,2087.84,2078.13,3765870000
2016-04-15,2080.73,2083.22,2076.31,3701450000
2016-04-18,2094.34,2094.66,2073.65,3316880000
2016-04-19,2100.8,2104.05,2091.68,3896830000
2016-04-20,2102.4,2111.05,2096.32,4184880000
2016-04-21,2091.48,2103.78,2088.52,4175290000
2016-04-22,2091.58,2094.32,2081.2,3790580000
2016-04-25,2087.79,2089.37,2077.52,3319740000
2016-04-26,2091.7,2096.87,2085.8,3557190000
2016-04-27,2095.15,2099.89,2082.31,4100110000
2016-04-28,2075.81,2099.3,2071.62,4309840000
2016-04-29,2065.3,2073.85,2052.28,4704720000
2016-05-02,2081.43,2083.42,2066.11,3841110000
2016-05-03,2063.37,2077.18,2054.89,4173390000
2016-05-04,2051.12,2060.3,2045.55,4058560000
2016-05-05,2050.63,2060.23,2045.77,4008530000
2016-05-06,2057.14,2057.72,2039.45,3796350000
2016-05-09,2058.69,2064.15,2054.31,3788620000
2016-05-10,2084.39,2084.87,2062.63,3600200000
2016-05-11,2064.46,2083.29,2064.46,3821980000
2016-05-12,2064.11,2073.99,2053.13,3782390000
2016-05-13,2046.61,2066.79,2043.13,3579880000
2016-05-16,2066.66,2071.88,2046.53,3501360000
2016-05-17,2047.21,2065.69,2040.82,4108960000
2016-05-18,2047.63,2060.61,2034.49,4101320000
2016-05-19,2040.04,2044.21,2025.91,3846770000
2016-05-20,2052.32,2058.35,2041.88,3507650000
2016-05-23,2048.04,2055.58,2047.26,3055480000
2016-05-24,2076.06,2079.67,2052.65,3627340000
2016-05-25,2090.54,2094.73,2078.93,3859160000
2016-05-26,2090.1,2094.3,2087.08,3230990000
2016-05-27,2099.06,2099.06,2090.06,3079150000
2016-05-31,2096.95,2103.48,2088.66,4514410000
2016-06-01,2099.33,2100.97,2085.1,3525170000
2016-06-02,2105.26,2105.26,2088.59,3632720000
2016-06-03,2099.13,2104.07,2085.36,3627780000
2016-06-06,2109.41,2113.36,2100.83,3442020000
2016-06-07,2112.13,2119.22,2110.18,3534730000
2016-06-08,2119.12,2120.55,2112.71,3562060000
2016-06-09,2115.48,2117.64,2107.73,3290320000
2016-06-10,2096.07,2109.57,2089.96,3515010000
2016-06-13,2079.06,2098.12,2078.46,3392030000
2016-06-14,2075.32,2081.3,2064.1,3759770000
2016-06-15,2071.5,2085.65,2069.8,3544720000
2016-06-16,2077.99,2079.62,2050.37,3628280000
2016-06-17,2071.22,2078.2,2062.84,4952630000
2016-06-20,2083.25,2100.66,2075.58,3467440000
2016-06-21,2088.9,2093.66,2083.02,3232880000
2016-06-22,2085.45,2099.71,2084.36,3168160000
2016-06-23,2113.32,2113.32,2092.8,3297940000
2016-06-24,2037.41,2103.81,2032.57,7597450000
2016-06-27,2000.54,2031.45,1991.68,5431220000
2016-06-28,2036.09,2036.09,2006.67,4385810000
2016-06-29,2070.77,2073.13,2042.69,4241740000
2016-06-30,2098.86,2098.94,2070,4622820000
2016-07-01,2102.95,2108.71,2097.9,3458890000
2016-07-05,2088.55,2095.05,2080.86,3658380000
2016-07-06,2099.73,2100.72,2074.02,3909380000
2016-07-07,2097.9,2109.08,2089.39,3604550000
2016-07-08,2129.9,2131.71,2106.97,3607500000
2016-07-11,2137.16,2143.16,2131.72,3253340000
2016-07-12,2152.14,2155.4,2139.5,4097820000
2016-07-13,2152.43,2156.45,2146.21,3502320000
2016-07-14,2163.75,2168.99,2157.88,3465610000
2016-07-15,2161.74,2169.05,2155.79,3122600000
2016-07-18,2166.89,2168.35,2159.63,3009310000
2016-07-19,2163.78,2164.63,2159.01,2968340000
2016-07-20,2173.02,2175.63,2164.89,3211860000
2016-07-21,2165.17,2174.56,2159.75,3438900000
2016-07-22,2175.03,2175.11,2163.24,3023280000
2016-07-25,2168.48,2173.71,2161.95,3057240000
2016-07-26,2169.18,2173.54,2160.18,3442350000
2016-07-27,2166.58,2174.98,2159.07,3995500000
2016-07-28,2170.06,2172.85,2159.74,3664240000
2016-07-29,2173.6,2177.09,2163.49,4038840000
2016-08-01,2170.84,2178.29,2166.21,3505990000
2016-08-02,2157.03,2170.2,2147.58,3848750000
2016-08-03,2163.79,2163.79,2152.56,3786530000
2016-08-04,2164.25,2168.19,2159.07,3709200000
2016-08-05,2182.87,2182.87,2168.79,3663070000
2016-08-08,2180.89,2185.44,2177.85,3327550000
2016-08-09,2181.74,2187.66,2178.61,3334300000
2016-08-10,2175.49,2183.41,2172,3254950000
2016-08-11,2185.79,2188.45,2177.97,3423160000
2016-08-12,2184.05,2186.28,2179.42,3000660000
2016-08-15,2190.15,2193.81,2186.08,3078530000
2016-08-16,2178.15,2186.24,2178.14,3196400000
2016-08-17,2182.22,2183.08,2168.5,3388910000
2016-08-18,2187.02,2187.03,2180.46,3300570000
2016-08-19,2183.87,2185,2175.13,3084800000
2016-08-22,2182.64,2185.15,2175.96,2777550000
2016-08-23,2186.9,2193.42,2186.8,3041490000
2016-08-24,2175.44,2186.66,2171.25,3148280000
2016-08-25,2172.47,2179,2169.74,2969310000
2016-08-26,2169.04,2187.94,2160.39,3342340000
2016-08-29,2180.38,2183.48,2170.19,2654780000
2016-08-30,2176.12,2182.27,2170.41,3006800000
2016-08-31,2170.95,2173.79,2161.35,3766390000
2016-09-01,2170.86,2173.56,2157.09,3392120000
2016-09-02,2179.98,2184.87,2173.59,3091120000
2016-09-06,2186.48,2186.57,2175.1,3447650000
2016-09-07,2186.16,2187.87,2179.07,3319420000
2016-09-08,2181.3,2184.94,2177.49,3727840000
2016-09-09,2127.81,2169.08,2127.81,4233960000
2016-09-12,2159.04,2163.3,2119.12,4010480000
2016-09-13,2127.02,2150.47,2120.27,4141670000
2016-09-14,2125.77,2141.33,2119.9,3664100000
2016-09-15,2147.26,2151.31,2122.36,3373720000
2016-09-16,2139.16,2146.48,2131.2,5014360000
2016-09-19,2139.12,2153.61,2135.91,3163000000
2016-09-20,2139.76,2150.8,2139.17,3140730000
2016-09-21,2163.12,2165.11,2139.57,3712090000
2016-09-22,2177.18,2179.99,2170.94,3552830000
2016-09-23,2164.69,2173.75,2163.97,3317190000
2016-09-26,2146.1,2158.54,2145.04,3216170000
2016-09-27,2159.93,2161.13,2141.55,3437770000
2016-09-28,2171.37,2172.4,2151.79,3891460000
2016-09-29,2151.13,2172.67,2145.2,4249220000
2016-09-30,2168.27,2175.3,2156.51,4173340000
2016-10-03,2161.2,2164.41,2154.77,3137550000
2016-10-04,2150.49,2165.46,2144.01,3750890000
2016-10-05,2159.73,2163.95,2155.15,3906550000
2016-10-06,2160.77,2162.93,2150.28,3461550000
2016-10-07,2153.74,2165.86,2144.85,3619890000
2016-10-10,2163.66,2169.6,2160.39,2916550000
2016-10-11,2136.73,2161.56,2128.84,3438270000
2016-10-12,2139.18,2145.36,2132.77,2977100000
2016-10-13,2132.55,2138.19,2114.72,3580450000
2016-10-14,2132.98,2149.19,2132.98,3228150000
2016-10-17,2126.5,2135.61,2124.43,2830390000
2016-10-18,2139.6,2144.38,2135.49,3170000000
2016-10-19,2144.29,2148.44,2138.15,3362670000
2016-10-20,2141.34,2147.18,2133.44,3337170000
2016-10-21,2141.16,2142.63,2130.09,3448850000
2016-10-24,2151.33,2154.79,2146.91,3357320000
2016-10-25,2143.16,2151.44,2141.93,3751340000
2016-10-26,2139.43,2145.73,2131.59,3775200000
2016-10-27,2133.04,2147.13,2132.52,4204830000
2016-10-28,2126.41,2140.72,2119.36,4019510000
2016-10-31,2126.15,2133.25,2125.53,3922400000
2016-11-01,2111.72,2131.45,2097.85,4532160000
2016-11-02,2097.94,2111.76,2094,4248580000
2016-11-03,2088.66,2102.56,2085.23,3886740000
2016-11-04,2085.18,2099.07,2083.79,3837860000
2016-11-07,2131.52,2132,2100.59,3736060000
2016-11-08,2139.56,2146.87,2123.56,3916930000
2016-11-09,2163.26,2170.1,2125.35,6264150000
2016-11-10,2167.48,2182.3,2151.17,6451640000
2016-11-11,2164.45,2165.92,2152.49,4988050000
2016-11-14,2164.2,2171.36,2156.08,5367200000
2016-11-15,2180.39,2180.84,2166.38,4543860000
2016-11-16,2176.94,2179.22,2172.2,3830590000
2016-11-17,2187.12,2188.06,2176.65,3809160000
2016-11-18,2181.9,2189.89,2180.38,3572400000
2016-11-21,2198.18,2198.7,2186.43,3607010000
2016-11-22,2202.94,2204.8,2194.51,3957940000
2016-11-23,2204.72,2204.72,2194.51,3418640000
2016-11-25,2213.35,2213.35,2206.27,1584600000
2016-11-28,2201.72,2211.14,2200.36,3505650000
2016-11-29,2204.66,2210.46,2198.15,3706560000
2016-11-30,2198.81,2214.1,2198.81,5533980000
2016-12-01,2191.08,2202.6,2187.44,5063740000
2016-12-02,2191.95,2197.95,2188.37,3779500000
2016-12-05,2204.71,2209.42,2199.97,3895230000
2016-12-06,2212.23,2212.78,2202.21,3855320000
2016-12-07,2241.35,2241.63,2208.93,4501820000
2016-12-08,2246.19,2251.69,2237.57,4200580000
2016-12-09,2259.53,2259.8,2249.23,3884480000
2016-12-12,2256.96,2264.03,2252.37,4034510000
2016-12-13,2271.72,2277.53,2263.32,3857590000
2016-12-14,2253.28,2276.2,2248.44,4406970000
2016-12-15,2262.03,2272.12,2253.77,4168200000
2016-12-16,2258.07,2268.05,2254.24,5920340000
2016-12-19,2262.53,2267.47,2258.21,3248370000
2016-12-20,2270.76,2272.56,2266.14,3298780000
2016-12-21,2265.18,2271.23,2265.15,2852230000
2016-12-22,2260.96,2263.18,2256.08,2876320000
2016-12-23,2263.79,2263.79,2258.84,2020550000
2016-12-27,2268.88,2273.82,2266.15,1987080000
2016-12-28,2249.92,2271.31,2249.11,2392360000
2016-12-29,2249.26,2254.51,2244.56,2336370000
2016-12-30,2238.83,2253.58,2233.62,2670900000
2017-01-03,2257.83,2263.88,2245.13,3770530000
2017-01-04,2270.75,2272.82,2261.6,3764890000
2017-01-05,2269,2271.5,2260.45,3761820000
2017-01-06,2276.98,2282.1,2264.06,3339890000
2017-01-09,2268.9,2275.49,2268.9,3217610000
2017-01-10,2268.9,2279.27,2265.27,3638790000
2017-01-11,2275.32,2275.32,2260.83,3620410000
2017-01-12,2270.44,2271.78,2254.25,3462130000
2017-01-13,2274.64,2278.68,2271.51,3081270000
2017-01-17,2267.89,2272.08,2262.81,3584990000
2017-01-18,2271.89,2272.01,2263.35,3315250000
2017-01-19,2263.69,2274.33,2258.41,3165970000
2017-01-20,2271.31,2276.96,2265.01,3524970000
2017-01-23,2265.2,2271.78,2257.02,3152710000
2017-01-24,2280.07,2284.63,2266.68,3810960000
2017-01-25,2298.37,2299.55,2288.88,3846020000
2017-01-26,2296.68,2300.99,2294.08,3610360000
2017-01-27,2294.69,2299.02,2291.62,3135890000
2017-01-30,2280.9,2286.01,2268.04,3591270000
2017-01-31,2278.87,2279.09,2267.21,4087450000
2017-02-01,2279.55,2289.14,2272.44,3916610000
2017-02-02,2280.85,2283.97,2271.65,3807710000
2017-02-03,2297.42,2298.31,2287.88,3597970000
2017-02-06,2292.56,2296.18,2288.57,3109050000
2017-02-07,2293.08,2299.4,2290.16,3448690000
2017-02-08,2294.67,2295.91,2285.38,3609740000
2017-02-09,2307.87,2311.08,2296.61,3677940000
2017-02-10,2316.1,2319.23,2311.1,3475020000
2017-02-13,2328.25,2331.58,2321.42,3349730000
2017-02-14,2337.58,2337.58,2322.17,3520910000
2017-02-15,2349.25,2351.3,2334.81,3775590000
2017-02-16,2347.22,2351.31,2338.87,3672370000
2017-02-17,2351.16,2351.16,2339.58,3513060000
2017-02-21,2365.38,2366.71,2354.91,3579780000
2017-02-22,2362.82,2365.13,2358.34,3468670000
2017-02-23,2363.81,2368.26,2355.09,4015260000
2017-02-24,2367.34,2367.34,2352.87,3831570000
2017-02-27,2369.75,2371.54,2361.87,3582610000
2017-02-28,2363.64,2367.79,2358.96,4210140000
2017-03-01,2395.96,2400.98,2380.13,4345180000
2017-03-02,2381.92,2394.75,2380.17,3821320000
2017-03-03,2383.12,2383.89,2375.39,3555260000
2017-03-06,2375.31,2378.8,2367.98,3232700000
2017-03-07,2368.39,2375.12,2365.51,3518390000
2017-03-08,2362.98,2373.09,2361.01,3812100000
2017-03-09,2364.87,2369.08,2354.54,3716340000
2017-03-10,2372.6,2376.86,2363.04,3432950000
2017-03-13,2373.47,2374.42,2368.52,3133900000
2017-03-14,2365.45,2368.55,2358.18,3172630000
2017-03-15,2385.26,2390.01,2368.94,3906840000
2017-03-16,2381.38,2388.1,2377.18,3365660000
2017-03-17,2378.25,2385.71,2377.64,5178040000
2017-03-20,2373.47,2379.55,2369.66,3054930000
2017-03-21,2344.02,2381.93,2341.9,4265590000
2017-03-22,2348.45,2351.81,2336.45,3572730000
2017-03-23,2345.96,2358.92,2342.13,3260600000
2017-03-24,2343.98,2356.22,2335.74,2975130000
2017-03-27,2341.59,2344.9,2322.25,3240230000
2017-03-28,2358.57,2363.78,2337.63,3367780000
2017-03-29,2361.13,2363.36,2352.94,3106940000
2017-03-30,2368.06,2370.42,2358.58,3158420000
2017-03-31,2362.72,2370.35,2362.6,3354110000
2017-04-03,2358.84,2365.87,2344.73,3416400000
2017-04-04,2360.16,2360.53,2350.72,3206240000
2017-04-05,2352.95,2378.36,2350.52,3770520000
2017-04-06,2357.49,2364.16,2348.9,3201920000
2017-04-07,2355.54,2363.76,2350.74,3053150000
2017-04-10,2357.16,2366.37,2351.5,2785410000
2017-04-11,2353.78,2355.22,2337.25,3117420000
2017-04-12,2344.93,2352.72,2341.18,3196950000
2017-04-13,2328.95,2348.26,2328.95,3143890000
2017-04-17,2349.01,2349.14,2332.51,2824710000
2017-04-18,2342.19,2348.35,2334.54,3269840000
2017-04-19,2338.17,2352.63,2335.05,3519900000
2017-04-20,2355.84,2361.37,2340.91,3647420000
2017-04-21,2348.69,2356.18,2344.51,3503360000
2017-04-24,2374.15,2376.98,2369.19,3690650000
2017-04-25,2388.61,2392.48,2381.15,3995240000
2017-04-26,2387.45,2398.16,2386.78,4105920000
2017-04-27,2388.77,2392.1,2382.68,4098460000
2017-04-28,2384.2,2393.68,2382.36,3718270000
2017-05-01,2388.33,2394.49,2384.83,3199240000
2017-05-02,2391.17,2392.93,2385.82,3813680000
2017-05-03,2388.13,2389.82,2379.75,3893990000
2017-05-04,2389.52,2391.43,2380.35,4362540000
2017-05-05,2399.29,2399.29,2389.38,3540140000
2017-05-08,2399.38,2401.36,2393.92,3429440000
2017-05-09,2396.92,2403.87,2392.44,3653590000
2017-05-10,2399.63,2399.74,2392.79,3643530000
2017-05-11,2394.44,2395.72,2381.74,3727420000
2017-05-12,2390.9,2392.44,2387.19,3305630000
2017-05-15,2402.32,2404.05,2393.94,3473600000
2017-05-16,2400.67,2405.77,2396.05,3420790000
2017-05-17,2357.03,2384.87,2356.21,4163000000
2017-05-18,2365.72,2375.74,2352.72,4319420000
2017-05-19,2381.73,2389.06,2370.43,3825160000
2017-05-22,2394.02,2395.46,2386.92,3172830000
2017-05-23,2398.42,2400.85,2393.88,3213570000
2017-05-24,2404.39,2405.58,2397.99,3389900000
2017-05-25,2415.07,2418.71,2408.01,3535390000
2017-05-26,2415.82,2416.68,2412.2,2805040000
2017-05-30,2412.91,2415.26,2409.43,3203160000
2017-05-31,2411.8,2415.99,2403.59,4516110000
2017-06-01,2430.06,2430.06,2413.54,3857140000
2017-06-02,2439.07,2440.23,2427.71,3461680000
2017-06-05,2436.1,2439.55,2434.32,2912600000
2017-06-06,2429.33,2436.21,2428.12,3357840000
2017-06-07,2433.14,2435.28,2424.75,3572300000
2017-06-08,2433.79,2439.27,2427.94,3728860000
2017-06-09,2431.77,2446.2,2415.7,4027340000
2017-06-12,2429.39,2430.38,2419.97,4027750000
2017-06-13,2440.35,2441.49,2431.28,3275500000
2017-06-14,2437.92,2443.75,2428.34,3555590000
2017-06-15,2432.46,2433.95,2418.53,3353050000
2017-06-16,2433.15,2433.15,2422.88,5284720000
2017-06-19,2453.46,2453.82,2441.79,3264700000
2017-06-20,2437.03,2450.66,2436.6,3416510000
2017-06-21,2435.61,2442.23,2430.74,3594820000
2017-06-22,2434.5,2441.62,2433.27,3468210000
2017-06-23,2438.3,2441.4,2431.11,5278330000
2017-06-26,2439.07,2450.42,2437.03,3238970000
2017-06-27,2419.38,2440.15,2419.38,3563910000
2017-06-28,2440.69,2442.97,2428.02,3500800000
2017-06-29,2419.7,2442.73,2405.7,3900280000
2017-06-30,2423.41,2432.71,2421.65,3361590000
2017-07-03,2429.01,2439.17,2428.69,1962290000
2017-07-05,2432.54,2434.9,2422.05,3367220000
2017-07-06,2409.75,2424.28,2407.7,3364520000
2017-07-07,2425.18,2426.92,2413.52,2901330000
2017-07-10,2427.43,2432,2422.27,2999130000
2017-07-11,2425.53,2429.3,2412.79,3106750000
2017-07-12,2443.25,2445.76,2435.75,3171620000
2017-07-13,2447.83,2449.32,2441.69,3067670000
2017-07-14,2459.27,2463.54,2446.69,2736640000
2017-07-17,2459.14,2462.82,2457.16,2793170000
2017-07-18,2460.61,2460.92,2450.34,2962130000
2017-07-19,2473.83,2473.83,2463.85,3059760000
2017-07-20,2473.45,2477.62,2468.43,3182780000
2017-07-21,2472.54,2472.54,2465.06,3059570000
2017-07-24,2469.91,2473.1,2466.32,3010240000
2017-07-25,2477.13,2481.24,2474.91,4108060000
2017-07-26,2477.83,2481.69,2474.94,3557020000
2017-07-27,2475.42,2484.04,2459.93,3995520000
2017-07-28,2472.1,2473.53,2464.66,3294770000
2017-07-31,2470.3,2477.96,2468.53,3469210000
2017-08-01,2476.35,2478.51,2471.14,3460860000
2017-08-02,2477.57,2480.38,2466.48,3478580000
2017-08-03,2472.16,2476.03,2468.85,3645020000
2017-08-04,2476.83,2480,2472.08,3235140000
2017-08-07,2480.91,2480.95,2475.88,2931780000
2017-08-08,2474.92,2490.87,2470.32,3344640000
2017-08-09,2474.02,2474.41,2462.08,3308060000
2017-08-10,2438.21,2465.38,2437.75,3621070000
2017-08-11,2441.32,2448.09,2437.85,3159930000
2017-08-14,2465.84,2468.22,2454.96,2822550000
2017-08-15,2464.61,2468.9,2461.61,2913100000
2017-08-16,2468.11,2474.93,2463.86,2953650000
2017-08-17,2430.01,2465.02,2430.01,3142620000
2017-08-18,2425.55,2440.27,2420.69,3415680000
2017-08-21,2428.37,2430.58,2417.35,2788150000
2017-08-22,2452.51,2454.77,2433.67,2777490000
2017-08-23,2444.04,2448.91,2441.42,2785290000
2017-08-24,2438.97,2450.39,2436.19,2846590000
2017-08-25,2443.05,2453.96,2442.22,2588780000
2017-08-28,2444.24,2449.12,2439.03,2677700000
2017-08-29,2446.3,2449.19,2428.2,2737580000
2017-08-30,2457.59,2460.31,2443.77,2633660000
2017-08-31,2471.65,2475.01,2462.65,3348110000
2017-09-01,2476.55,2480.38,2473.85,2710730000
2017-09-05,2457.85,2471.97,2446.55,3490260000
2017-09-06,2465.54,2469.64,2459.2,3374410000
2017-09-07,2465.1,2468.62,2460.29,3353930000
2017-09-08,2461.43,2467.11,2459.4,3302490000
2017-09-11,2488.11,2488.95,2474.52,3291760000
2017-09-12,2496.48,2496.77,2490.37,3230920000
2017-09-13,2498.37,2498.37,2492.14,3368050000
2017-09-14,2495.62,2498.43,2491.35,3414460000
2017-09-15,2500.23,2500.23,2493.16,4853170000
2017-09-18,2503.87,2508.32,2499.92,3194300000
2017-09-19,2506.65,2507.84,2503.19,3249100000
2017-09-20,2508.24,2508.85,2496.67,3530010000
2017-09-21,2500.6,2507.16,2499,2930860000
2017-09-22,2502.22,2503.47,2496.54,2865960000
2017-09-25,2496.66,2502.54,2488.03,3297890000
2017-09-26,2496.84,2503.51,2495.12,3043110000
2017-09-27,2507.04,2511.75,2495.91,3456030000
2017-09-28,2510.06,2510.81,2502.93,3168620000
2017-09-29,2519.36,2519.44,2507.99,3211920000
2017-10-02,2529.12,2529.23,2520.4,3199730000
2017-10-03,2534.58,2535.13,2528.85,3068850000
2017-10-04,2537.74,2540.53,2531.8,3017120000
2017-10-05,2552.07,2552.51,2540.02,3045120000
2017-10-06,2549.33,2549.41,2543.79,2884570000
2017-10-09,2544.73,2551.82,2541.6,2483970000
2017-10-10,2550.64,2555.23,2544.86,2960500000
2017-10-11,2555.24,2555.24,2547.95,2976090000
2017-10-12,2550.93,2555.33,2548.31,3151510000
2017-10-13,2553.17,2557.65,2552.09,3149440000
2017-10-16,2557.64,2559.47,2552.64,2916020000
2017-10-17,2559.36,2559.71,2554.69,2889390000
2017-10-18,2561.26,2564.11,2559.67,2998090000
2017-10-19,2562.1,2562.36,2547.92,2990710000
2017-10-20,2575.21,2575.44,2567.56,3384650000
2017-10-23,2564.98,2578.29,2564.33,3211710000
2017-10-24,2569.13,2572.18,2565.58,3427330000
2017-10-25,2557.15,2567.4,2544,3874510000
2017-10-26,2560.4,2567.07,2559.8,3869050000
2017-10-27,2581.07,2582.98,2565.94,3887110000
2017-10-30,2572.83,2580.03,2568.25,3658870000
2017-10-31,2575.26,2578.29,2572.15,3827230000
2017-11-01,2579.36,2588.4,2574.92,3813180000
2017-11-02,2579.85,2581.11,2566.17,4048270000
2017-11-03,2587.84,2588.42,2576.77,3567710000
2017-11-06,2591.13,2593.38,2585.66,3539080000
2017-11-07,2590.64,2597.02,2584.35,3809650000
2017-11-08,2594.38,2595.47,2585.02,3899360000
2017-11-09,2584.62,2586.5,2566.33,3831610000
2017-11-10,2582.3,2583.81,2575.57,3486910000
2017-11-13,2584.84,2587.66,2574.48,3402930000
2017-11-14,2578.87,2579.66,2566.56,3641760000
2017-11-15,2564.62,2572.84,2557.45,3558890000
2017-11-16,2585.64,2590.09,2572.95,3312710000
2017-11-17,2578.85,2583.96,2577.62,3300160000
2017-11-20,2582.14,2584.64,2578.24,3003540000
2017-11-21,2599.03,2601.19,2589.17,3332720000
2017-11-22,2597.08,2600.94,2595.23,2762950000
2017-11-24,2602.42,2604.21,2600.42,1349780000
2017-11-27,2601.42,2606.41,2598.87,3006860000
2017-11-28,2627.04,2627.69,2605.44,3488420000
2017-11-29,2626.07,2634.89,2620.32,4078280000
2017-11-30,2647.58,2657.74,2633.93,4938490000
2017-12-01,2642.22,2650.62,2605.52,3942320000
2017-12-04,2639.44,2665.19,2639.03,4023150000
2017-12-05,2629.57,2648.72,2627.73,3539040000
2017-12-06,2629.27,2634.41,2624.75,3229000000
2017-12-07,2636.98,2640.99,2626.53,3292400000
2017-12-08,2651.5,2651.65,2644.1,3106150000
2017-12-11,2659.99,2660.33,2651.47,3091950000
2017-12-12,2664.11,2669.72,2659.78,3555680000
2017-12-13,2662.85,2671.88,2662.85,3542370000
2017-12-14,2652.01,2668.09,2652.01,3430030000
2017-12-15,2675.81,2679.63,2659.14,5723920000
2017-12-18,2690.16,2694.97,2685.92,3724660000
2017-12-19,2681.47,2694.44,2680.74,3368590000
2017-12-20,2679.25,2691.01,2676.11,3241030000
2017-12-21,2684.57,2692.64,2682.4,3273390000
2017-12-22,2683.34,2685.35,2678.13,2399830000
2017-12-26,2680.5,2682.74,2677.96,1968780000
2017-12-27,2682.62,2685.64,2678.91,2202080000
2017-12-28,2687.54,2687.66,2682.69,2153330000
2017-12-29,2673.61,2692.12,2673.61,2443490000
2018-01-02,2695.81,2695.89,2682.36,3367250000
2018-01-03,2713.06,2714.37,2697.77,3538660000
2018-01-04,2723.99,2729.29,2719.07,3695260000
2018-01-05,2743.15,2743.45,2727.92,3236620000
2018-01-08,2747.71,2748.51,2737.6,3242650000
2018-01-09,2751.29,2759.14,2747.86,3453480000
2018-01-10,2748.23,2750.8,2736.06,3576350000
2018-01-11,2767.56,2767.56,2752.78,3641320000
2018-01-12,2786.24,2787.85,2769.64,3573970000
2018-01-16,2776.42,2807.54,2768.64,4325970000
2018-01-17,2802.56,2807.04,2778.38,3778050000
2018-01-18,2798.03,2805.83,2792.56,3681470000
2018-01-19,2810.3,2810.33,2798.08,3639430000
2018-01-22,2832.97,2833.03,2808.12,3471780000
2018-01-23,2839.13,2842.24,2830.59,3519650000
2018-01-24,2837.54,2852.97,2824.81,4014070000
2018-01-25,2839.25,2848.56,2830.94,3835150000
2018-01-26,2872.87,2872.87,2846.18,3443230000
2018-01-29,2853.53,2870.62,2851.48,3573830000
2018-01-30,2822.43,2837.75,2818.27,3990650000
2018-01-31,2823.81,2839.26,2813.04,4261280000
2018-02-01,2821.98,2835.96,2812.7,3938450000
2018-02-02,2762.13,2808.92,2759.97,4301130000
2018-02-05,2648.94,2763.39,2638.17,5283460000
2018-02-06,2695.14,2701.04,2593.07,5891660000
2018-02-07,2681.66,2727.67,2681.33,4626570000
2018-02-08,2581,2685.27,2580.56,5305440000
2018-02-09,2619.55,2638.67,2532.69,5680070000
2018-02-12,2656,2672.61,2622.45,4055790000
2018-02-13,2662.94,2668.84,2637.08,3472870000
2018-02-14,2698.63,2702.1,2648.87,4003740000
2018-02-15,2731.2,2731.51,2689.82,3684910000
2018-02-16,2732.22,2754.42,2725.11,3637460000
2018-02-20,2716.26,2737.6,2706.76,3627610000
2018-02-21,2701.33,2747.75,2701.29,3779400000
2018-02-22,2703.96,2731.26,2697.77,3701270000
2018-02-23,2747.3,2747.76,2713.74,3189190000
2018-02-26,2779.6,2780.64,2753.78,3424650000
2018-02-27,2744.28,2789.15,2744.22,3745080000
2018-02-28,2713.83,2761.52,2713.54,4230660000
2018-03-01,2677.67,2730.89,2659.65,4503970000
2018-03-02,2691.25,2696.25,2647.32,3882450000
2018-03-05,2720.94,2728.09,2675.75,3710810000
2018-03-06,2728.12,2732.08,2711.26,3370690000
2018-03-07,2726.8,2730.6,2701.74,3393270000
2018-03-08,2738.97,2740.45,2722.65,3212320000
2018-03-09,2786.57,2786.57,2751.54,3364100000
2018-03-12,2783.02,2796.98,2779.26,3185020000
2018-03-13,2765.31,2801.9,2758.68,3301650000
2018-03-14,2749.48,2777.11,2744.38,3391360000
2018-03-15,2747.33,2763.03,2741.47,3500330000
2018-03-16,2752.01,2761.85,2749.97,5372340000
2018-03-19,2712.92,2741.38,2694.59,3302130000
2018-03-20,2716.94,2724.22,2710.05,3261030000
2018-03-21,2711.93,2739.14,2709.79,3415510000
2018-03-22,2643.69,2695.68,2641.59,3739800000
2018-03-23,2588.26,2657.67,2585.89,3815080000
2018-03-26,2658.55,2661.36,2601.81,3511100000
2018-03-27,2612.62,2674.78,2596.12,3706350000
2018-03-28,2605,2632.65,2593.06,3864500000
2018-03-29,2640.87,2659.07,2609.72,3565990000
2018-04-02,2581.88,2638.3,2553.8,3598520000
2018-04-03,2614.45,2619.14,2575.49,3392810000
2018-04-04,2644.69,2649.86,2573.61,3350340000
2018-04-05,2662.84,2672.08,2649.58,3178970000
2018-04-06,2604.47,2656.88,2586.27,3299700000
2018-04-09,2613.16,2653.55,2610.79,3062960000
2018-04-10,2656.87,2665.45,2635.78,3543930000
2018-04-11,2642.19,2661.43,2639.25,3020760000
2018-04-12,2663.99,2674.72,2653.83,3021320000
2018-04-13,2656.3,2680.26,2645.05,2960910000
2018-04-16,2677.84,2686.49,2665.16,3019700000
2018-04-17,2706.39,2713.34,2692.05,3234360000
2018-04-18,2708.64,2717.49,2703.63,3383410000
2018-04-19,2693.13,2702.84,2681.9,3349370000
2018-04-20,2670.14,2693.94,2660.61,3388590000
2018-04-23,2670.29,2682.86,2657.99,3017480000
2018-04-24,2634.56,2683.55,2617.32,3706740000
2018-04-25,2639.4,2645.3,2612.67,3499440000
2018-04-26,2666.94,2676.48,2647.16,3665720000
2018-04-27,2669.91,2677.35,2659.01,3219030000
2018-04-30,2648.05,2682.87,2648.04,3734530000
2018-05-01,2654.8,2655.27,2625.41,3559850000
2018-05-02,2635.67,2660.87,2631.7,4010770000
2018-05-03,2629.73,2637.14,2594.62,3851470000
2018-05-04,2663.42,2670.93,2615.32,3327220000
2018-05-07,2672.63,2683.35,2664.7,3237960000
2018-05-08,2671.92,2676.34,2655.2,3717570000
2018-05-09,2697.79,2701.27,2674.14,3909500000
2018-05-10,2723.07,2726.11,2704.54,3333050000
2018-05-11,2727.72,2732.86,2717.45,2862700000
2018-05-14,2730.13,2742.1,2725.47,2972660000
2018-05-15,2711.45,2718.59,2701.91,3290680000
2018-05-16,2722.46,2727.76,2712.17,3202670000
2018-05-17,2720.13,2731.96,2711.36,3475400000
2018-05-18,2712.97,2719.5,2709.18,3368690000
2018-05-21,2733.01,2739.19,2725.7,3019890000
2018-05-22,2724.44,2742.24,2721.88,3366310000
2018-05-23,2733.29,2733.33,2709.54,3326290000
2018-05-24,2727.76,2731.97,2707.38,3256030000
2018-05-25,2721.33,2727.36,2714.99,2995260000
2018-05-29,2689.86,2710.67,2676.81,3736890000
2018-05-30,2724.01,2729.34,2702.43,3561050000
2018-05-31,2705.27,2722.5,2700.68,4235370000
2018-06-01,2734.62,2736.93,2718.7,3684130000
2018-06-04,2746.87,2749.16,2740.54,3376510000
2018-06-05,2748.8,2752.61,2739.51,3517790000
2018-06-06,2772.35,2772.39,2748.46,3651640000
2018-06-07,2770.37,2779.9,2760.16,3711330000
2018-06-08,2779.03,2779.39,2763.59,3123210000
2018-06-11,2782,2790.21,2780.17,3232330000
2018-06-12,2786.85,2789.8,2778.78,3401010000
2018-06-13,2775.63,2791.47,2774.65,3779230000
2018-06-14,2782.49,2789.06,2776.52,3526890000
2018-06-15,2779.66,2782.81,2761.73,5428790000
2018-06-18,2773.75,2774.99,2757.12,3287150000
2018-06-19,2762.59,2765.05,2743.19,3661470000
2018-06-20,2767.32,2774.86,2763.91,3327600000
2018-06-21,2749.76,2769.28,2744.39,3300060000
2018-06-22,2754.88,2764.17,2752.68,5450550000
2018-06-25,2717.07,2742.94,2698.67,3655080000
2018-06-26,2723.06,2732.91,2715.6,3555090000
2018-06-27,2699.63,2746.09,2699.38,3776090000
2018-06-28,2716.31,2724.34,2691.99,3428140000
2018-06-29,2718.37,2743.26,2718.03,3565620000
2018-07-02,2726.71,2727.26,2698.95,3073650000
2018-07-03,2713.22,2736.58,2711.16,1911470000
2018-07-05,2736.61,2737.83,2716.02,2953420000
2018-07-06,2759.82,2764.41,2733.52,2554780000
2018-07-09,2784.17,2784.65,2770.73,3050040000
2018-07-10,2793.84,2795.58,2786.24,3063850000
2018-07-11,2774.02,2785.91,2770.77,2964740000
2018-07-12,2798.29,2799.22,2781.53,2821690000
2018-07-13,2801.31,2804.53,2791.69,2614000000
2018-07-16,2798.43,2801.19,2793.39,2812230000
2018-07-17,2809.55,2814.19,2789.24,3050730000
2018-07-18,2815.62,2816.76,2805.89,3089780000
2018-07-19,2804.49,2812.05,2799.77,3266700000
2018-07-20,2801.83,2809.7,2800.01,3230210000
2018-07-23,2806.98,2808.61,2795.14,2907430000
2018-07-24,2820.4,2829.99,2811.12,3417530000
2018-07-25,2846.07,2848.03,2817.73,3553010000
2018-07-26,2837.44,2845.57,2835.26,3653330000
2018-07-27,2818.82,2843.17,2808.34,3415710000
2018-07-30,2802.6,2821.74,2798.11,3245770000
2018-07-31,2816.29,2824.46,2808.06,3892100000
2018-08-01,2813.36,2825.83,2805.85,3496990000
2018-08-02,2827.22,2829.91,2796.34,3467380000
2018-08-03,2840.35,2840.38,2827.37,3030390000
2018-08-06,2850.4,2853.29,2835.98,2874540000
2018-08-07,2858.45,2863.43,2855.92,3162770000
2018-08-08,2857.7,2862.44,2853.09,2972200000
2018-08-09,2853.58,2862.48,2851.98,3047050000
2018-08-10,2833.28,2842.2,2825.81,3256040000
2018-08-13,2821.93,2843.4,2819.88,3158450000
2018-08-14,2839.96,2843.11,2826.58,2976970000
2018-08-15,2818.37,2827.95,2802.49,3645070000
2018-08-16,2840.69,2850.49,2831.44,3219880000
2018-08-17,2850.13,2855.63,2833.73,3024100000
2018-08-20,2857.05,2859.76,2850.62,2748020000
2018-08-21,2862.96,2873.23,2861.32,3147140000
2018-08-22,2861.82,2867.54,2856.05,2689560000
2018-08-23,2856.98,2868.78,2854.03,2713910000
2018-08-24,2874.69,2876.16,2862.35,2596190000
2018-08-27,2896.74,2898.25,2884.69,2854080000
2018-08-28,2897.52,2903.77,2893.5,2683190000
2018-08-29,2914.04,2916.5,2898.4,2791860000
2018-08-30,2901.13,2912.46,2895.22,2802180000
2018-08-31,2901.52,2906.32,2891.73,2880260000
2018-09-04,2896.72,2900.18,2885.13,3077060000
2018-09-05,2888.6,2894.21,2876.92,3241250000
2018-09-06,2878.05,2892.05,2867.29,3139590000
2018-09-07,2871.68,2883.81,2864.12,2946270000
2018-09-10,2877.13,2886.93,2875.94,2731400000
2018-09-11,2887.89,2892.52,2866.78,2899660000
2018-09-12,2888.92,2894.65,2879.2,3264930000
2018-09-13,2904.18,2906.76,2896.39,3254930000
2018-09-14,2904.98,2908.3,2895.77,3149800000
2018-09-17,2888.8,2904.65,2886.16,2947760000
2018-09-18,2904.31,2911.17,2890.43,3074610000
2018-09-19,2907.95,2912.36,2903.82,3280020000
2018-09-20,2930.75,2934.8,2919.73,3337730000
2018-09-21,2929.67,2940.91,2927.11,5607610000
2018-09-24,2919.37,2923.79,2912.63,3372210000
2018-09-25,2915.56,2923.95,2913.7,3285480000
2018-09-26,2905.97,2931.15,2903.28,3388620000
2018-09-27,2914,2927.22,2909.27,3060850000
2018-09-28,2913.98,2920.53,2907.5,3432300000
2018-10-01,2924.59,2937.06,2917.91,3364190000
2018-10-02,2923.43,2931.42,2919.37,3401880000
2018-10-03,2925.51,2939.86,2921.36,3598710000
2018-10-04,2901.61,2919.78,2883.92,3496860000
2018-10-05,2885.57,2909.64,2869.29,3328980000
2018-10-08,2884.43,2889.45,2862.08,3330320000
2018-10-09,2880.34,2894.83,2874.27,3520500000
2018-10-10,2785.68,2874.02,2784.86,4501250000
2018-10-11,2728.37,2795.14,2710.51,4890630000
2018-10-12,2767.13,2775.77,2729.44,3966040000
2018-10-15,2750.79,2775.99,2749.03,3300140000
2018-10-16,2809.92,2813.46,2766.91,3428340000
2018-10-17,2809.21,2816.94,2781.81,3321710000
2018-10-18,2768.78,2806.04,2755.18,3616440000
2018-10-19,2767.78,2797.77,2760.27,3566490000
2018-10-22,2755.88,2778.94,2749.22,3307140000
2018-10-23,2740.69,2753.59,2691.43,4348580000
2018-10-24,2656.1,2742.59,2651.89,4709310000
2018-10-25,2705.57,2722.7,2667.84,4634770000
2018-10-26,2658.69,2692.38,2628.16,4803150000
2018-10-29,2641.25,2706.85,2603.54,4673700000
2018-10-30,2682.63,2685.43,2635.34,5106380000
2018-10-31,2711.74,2736.69,2705.6,5112420000
2018-11-01,2740.37,2741.67,2708.85,4708420000
2018-11-02,2723.06,2756.55,2700.44,4237930000
2018-11-05,2738.31,2744.27,2717.94,3623320000
2018-11-06,2755.45,2756.82,2737.08,3510860000
2018-11-07,2813.89,2815.15,2774.13,3914750000
2018-11-08,2806.83,2814.75,2794.99,3630490000
2018-11-09,2781.01,2794.1,2764.24,4019090000
2018-11-12,2726.22,2775.99,2722,3670930000
2018-11-13,2722.18,2754.6,2714.98,4091440000
2018-11-14,2701.58,2746.8,2685.75,4402370000
2018-11-15,2730.2,2735.38,2670.75,4179140000
2018-11-16,2736.27,2746.75,2712.16,3975180000
2018-11-19,2690.73,2733.16,2681.09,3772900000
2018-11-20,2641.89,2669.44,2631.52,4357900000
2018-11-21,2649.93,2670.73,2649.82,3233550000
2018-11-23,2632.56,2647.55,2631.09,1651650000
2018-11-26,2673.45,2674.35,2649.97,3443950000
2018-11-27,2682.17,2682.53,2655.89,3485220000
2018-11-28,2743.79,2744,2684.38,3951670000
2018-11-29,2737.8,2753.75,2722.94,3560770000
2018-11-30,2760.17,2760.88,2732.76,4658580000
2018-12-03,2790.37,2800.18,2773.38,4186060000
2018-12-04,2700.06,2785.93,2697.18,4499840000
2018-12-06,2695.95,2696.15,2621.53,5141470000
2018-12-07,2633.08,2708.54,2623.14,4216690000
2018-12-10,2637.72,2647.51,2583.23,4151030000
2018-12-11,2636.78,2674.35,2621.3,3905870000
2018-12-12,2651.07,2685.44,2650.26,3955890000
2018-12-13,2650.54,2670.19,2637.27,3927720000
2018-12-14,2599.95,2635.07,2593.84,4035020000
2018-12-17,2545.94,2601.13,2530.54,4616350000
2018-12-18,2546.16,2573.99,2528.71,4470880000
2018-12-19,2506.96,2585.29,2488.96,5127940000
2018-12-20,2467.42,2509.63,2441.18,5585780000
2018-12-21,2416.62,2504.41,2408.55,7609010000
2018-12-24,2351.1,2410.34,2351.1,2613930000
2018-12-26,2467.7,2467.76,2346.58,4233990000
2018-12-27,2488.83,2489.1,2397.94,4096610000
2018-12-28,2485.74,2520.27,2472.89,3702620000
2018-12-31,2506.85,2509.24,2482.82,3442870000
2019-01-02,2510.03,2519.49,2467.47,3733160000
2019-01-03,2447.89,2493.14,2443.96,3822860000
2019-01-04,2531.94,2538.07,2474.33,4213410000
2019-01-07,2549.69,2566.16,2524.56,4104710000
2019-01-08,2574.41,2579.82,2547.56,4083030000
2019-01-09,2584.96,2595.32,2568.89,4052480000
2019-01-10,2596.64,2597.82,2562.02,3704500000
2019-01-11,2596.26,2596.27,2577.4,3434490000
2019-01-14,2582.61,2589.32,2570.41,3664450000
2019-01-15,2610.3,2613.08,2585.1,3572330000
2019-01-16,2616.1,2625.76,2612.68,3863770000
2019-01-17,2635.96,2645.06,2606.36,3772270000
2019-01-18,2670.71,2675.47,2647.58,3986730000
2019-01-22,2632.9,2657.88,2617.27,3908030000
2019-01-23,2638.7,2653.19,2612.86,3335610000
2019-01-24,2642.33,2647.2,2627.01,3433250000
2019-01-25,2664.76,2672.38,2657.33,3814080000
2019-01-28,2643.85,2644.97,2624.06,3612810000
2019-01-29,2640,2650.93,2631.05,3504200000
2019-01-30,2681.05,2690.44,2648.34,3857810000
2019-01-31,2704.1,2708.95,2678.65,4917650000
2019-02-01,2706.53,2716.66,2696.88,3759270000
